Cities,City name,Views
Total,,334033
0x3bcb99daeaebd2c7:0xae93b78392bafbc2,"Hyderabad, Telangana, India",128741
0x3bae1670c9b44e6d:0xf8dfc3e8517e4fe0,"Bengaluru, Karnataka, India",27396
0x3a39431389e6973f:0x92d9c20395498468,"Visakhapatnam, Andhra Pradesh, India",16527
0x3a35eff9482d944b:0x939b7e84ab4a0265,"Vijayawada, Andhra Pradesh, India",13423
0x3a5265ea4f7d3361:0x6e61a70b6863d433,"Chennai, Tamil Nadu, India",10578
0x3a4d4b0f88620427:0xcf4152d1daca0cac,"Tirupati, Andhra Pradesh, India",6644
0x39f29937c52d4f05:0x831a0e05f607b270,"Patna, Bihar, India",5019
0x3a1909d2d5170aa5:0xfc580e2b68b33fa8,"Bhubaneswar, Odisha, India",3840
0x3bb14ac2e6404f37:0xb810d064e2ce70e8,"Anantapur, Andhra Pradesh, India",3295
0x399bfd991f32b16b:0x93ccba8909978be7,"Lucknow, Uttar Pradesh, India",3092
0x3ba859af2f971cb5:0x2fc1c81e183ed282,"Coimbatore, Tamil Nadu, India",3074
0x3b080d514abec6bf:0xbd582caa5844192,"Kochi, Kerala, India",2667
0x3bc2bf2e67461101:0x828d43bf9d9ee343,"Pune, Maharashtra, India",1562
0x395e848aba5bd449:0x4fcedd11614f6516,"Ahmedabad, Gujarat, India",1421
0x375a5a287f9133ff:0x2bbd1332436bde32,"Guwahati, Assam, India",1152
0x3bcb84ad48255d29:0x410841a999b3433,"Secunderabad, Telangana, India",1135
0x3a334f75c05023ed:0x2352eaaf6fe897ea,"Hanamkonda, Telangana, India",1115
0x3bb5ddf506b7c6c9:0x19a7ac74f858d6f2,"Kurnool, Andhra Pradesh, India",934
0x3bd4c0a5a31faf13:0x19b37d06d0bb3e2b,"Nagpur, Maharashtra, India",867
0x3be7c6306644edc1:0x5da4ed8f8d648c69,"Mumbai, Maharashtra, India",757
0x3b00c582b1189633:0xdc955b7264f63933,"Madurai, Tamil Nadu, India",561
0x3ba65938563d4747:0x32150641ca32ecab,"Kozhikode, Kerala, India",534
0x396c4adf4c57e281:0xce1c63a0cf22e09,"Jaipur, Rajasthan, India",490
0x39740d857c2f41d9:0x784aef38a9523b42,"Agra, Uttar Pradesh, India",479
0x3962fcad1b410ddb:0x96ec4da356240f4,"Indore, Madhya Pradesh, India",475
0x3a3be517fcf0885f:0xe85104bb5f291d8d,"Vizianagaram, Andhra Pradesh, India",450
0x3bcc92b2b5edb805:0x498ecfa22f1e8ce4,"Siddipet, Telangana, India",322
0x390d047309fff32f:0xfc5606ed1b5d46c3,"Delhi, India",316
0x3a4a755cb1787785:0x9f7999dd90f1e694,"Guntur, Andhra Pradesh, India",313
0x3a4c8cca0e958771:0xd3036c2025161f55,"Nellore, Andhra Pradesh, India",295
0x391a837462345a7d:0x681102348ec60610,"Ludhiana, Punjab, India",235
0x3baf70381d572ef9:0x2b89ece8c0f8396d,"Mysuru, Karnataka, India",235
0x3a37a3f2440c9fff:0x86b24503e305ca21,"Rajamahendravaram, Andhra Pradesh, India",209
0x39f882db4908f667:0x43e330e68f6c2cbc,"Kolkata, West Bengal, India",194
0x3a3827ddaf59b4f7:0x92f8ddb9c89a4803,"Kakinada, Andhra Pradesh, India",188
0x3bccd910bcf48931:0x4889b0398ed69f07,"Karimnagar, Telangana, India",151
0x39e44114f5441dcd:0xdeb5c4702063edff,"Siliguri, West Bengal, India",141
0x3a37b7f1a2cc11d3:0xda43fc471176fce,"Tanuku, Andhra Pradesh, India",73
0x3a37d2a6a86d3e4b:0x4eed21243d2dcfed,"Bhimavaram, Andhra Pradesh, India",53
0x3e5f43496ad9c645:0xbde66e5084295162,Dubai - United Arab Emirates,47
0x89d4cb90d7c63ba5:0x323555502ab4c477,"Toronto, ON, Canada",34
0x3bb37210d4f26f87:0xaf158859a18a02a0,"Kadapa, Andhra Pradesh, India",27
0x3a4b011c10366c03:0x6ee40296fd2dbcc5,"Ongole, Andhra Pradesh, India",17
0x6ad646b5d2ba4df7:0x4045675218ccd90,"Melbourne VIC, Australia",12
0x3a3c150ef1737321:0xa45cf11898953b7,"Srikakulam, Andhra Pradesh, India",11
0x3a33450bd75e4be7:0x9306909c277bc137,"Warangal, Telangana, India",10
0x3a4a060909a7ff8f:0xccde79630e05e514,"Tenali, Andhra Pradesh, India",10
0x3e5e440f723ef2b9:0xc7cc2e9341971108,Abu Dhabi - United Arab Emirates,10
